:ID,phoneNo,:LABEL
3,0-(070)893-3322,Phone
7,5-(997)640-5104,Phone
11,9-(882)417-7531,Phone
14,3-(989)030-3439,Phone
18,9-(184)752-7135,Phone
21,9-(450)223-5601,Phone
25,2-(590)588-9793,Phone
29,2-(766)829-0354,Phone
33,1-(279)890-0480,Phone
37,2-(387)231-8439,Phone
41,8-(858)072-9317,Phone
45,8-(009)144-4406,Phone
48,4-(120)613-7532,Phone
51,7-(476)009-0311,Phone
55,3-(292)025-2699,Phone
60,9-(659)123-3057,Phone
64,7-(570)450-3614,Phone
68,6-(679)431-1646,Phone
72,0-(608)989-7174,Phone
76,1-(914)504-2352,Phone
80,4-(941)776-4000,Phone
84,7-(961)469-9557,Phone
88,2-(809)918-0040,Phone
96,2-(029)966-6535,Phone
100,1-(452)691-3232,Phone
104,2-(564)296-0667,Phone
108,1-(963)530-6466,Phone
112,1-(073)741-4897,Phone
116,1-(363)319-5228,Phone
119,0-(403)215-3959,Phone
122,3-(480)070-3344,Phone
126,8-(637)421-1871,Phone
129,7-(243)275-1135,Phone
133,7-(228)141-6744,Phone
139,5-(395)541-9506,Phone
145,7-(096)928-0871,Phone
149,7-(649)705-8557,Phone
153,2-(693)573-1518,Phone
157,8-(795)014-1355,Phone
160,1-(651)511-7559,Phone
164,1-(225)632-0130,Phone
168,9-(213)214-3672,Phone
172,7-(118)349-1612,Phone
177,2-(847)452-0540,Phone
181,6-(404)077-2576,Phone
185,8-(366)537-8639,Phone
189,7-(330)155-5810,Phone
193,0-(582)918-0385,Phone
197,7-(727)924-9245,Phone
201,7-(694)665-2511,Phone
205,0-(649)542-7430,Phone
209,4-(505)836-4144,Phone
212,0-(000)061-7690,Phone
215,5-(952)765-8558,Phone
219,7-(151)166-1074,Phone
223,6-(275)624-6945,Phone
227,8-(198)983-1794,Phone
230,4-(154)863-2867,Phone
234,6-(043)667-8450,Phone
238,0-(856)456-7561,Phone
244,2-(549)625-8908,Phone
247,4-(414)576-2016,Phone
250,8-(689)151-8054,Phone
254,8-(620)398-1651,Phone
258,4-(149)887-3293,Phone
262,9-(243)847-6586,Phone
266,8-(724)082-8314,Phone
270,4-(026)761-9003,Phone
274,7-(757)503-7831,Phone
278,4-(748)672-4849,Phone
282,0-(711)302-8090,Phone
286,4-(016)610-9027,Phone
290,9-(308)627-0220,Phone
294,7-(662)391-8480,Phone
300,3-(947)657-8946,Phone
304,6-(867)621-6529,Phone
308,2-(758)193-0970,Phone
312,7-(081)649-1980,Phone
315,0-(859)960-0588,Phone
321,6-(547)570-3861,Phone
325,2-(570)195-5294,Phone
329,9-(481)398-3676,Phone
333,5-(919)291-7860,Phone
337,7-(492)933-2044,Phone
341,0-(934)666-0489,Phone
345,4-(855)748-1146,Phone
351,1-(787)495-0653,Phone
355,3-(798)782-2037,Phone
358,9-(277)720-3149,Phone
361,9-(472)628-7162,Phone
365,2-(436)259-5580,Phone
371,5-(711)674-4929,Phone
374,2-(913)870-1764,Phone
377,8-(680)392-4596,Phone
380,2-(266)815-6131,Phone
384,6-(295)771-1179,Phone
387,4-(851)025-3179,Phone
391,9-(196)734-8712,Phone
395,9-(033)345-4193,Phone
399,2-(085)940-9387,Phone
405,4-(962)368-0599,Phone
409,1-(373)787-1267,Phone
413,2-(716)295-6678,Phone
417,7-(311)870-7728,Phone
421,3-(621)004-4051,Phone
425,5-(599)359-1376,Phone
429,1-(841)295-6536,Phone
434,1-(667)848-4942,Phone
438,4-(491)687-5329,Phone
442,3-(255)675-6727,Phone
446,7-(432)969-1962,Phone
450,6-(438)031-8267,Phone
454,4-(881)045-9208,Phone
458,6-(712)156-4394,Phone
462,7-(434)993-0161,Phone
466,1-(569)838-5131,Phone
469,9-(488)105-0765,Phone
473,4-(086)986-8607,Phone
477,4-(724)466-2820,Phone
481,1-(247)773-0788,Phone
485,9-(209)549-2917,Phone
488,2-(452)394-7555,Phone
492,4-(098)075-2512,Phone
498,6-(674)667-9614,Phone
501,1-(727)743-0231,Phone
507,7-(306)084-4178,Phone
510,4-(223)417-6164,Phone
514,5-(859)810-7394,Phone
517,5-(311)701-9565,Phone
521,3-(799)803-9159,Phone
525,2-(642)289-4078,Phone
529,9-(016)868-6919,Phone
533,4-(333)395-3544,Phone
537,4-(012)173-2785,Phone
541,2-(878)286-4287,Phone
544,9-(596)676-9505,Phone
548,9-(150)210-0568,Phone
552,4-(802)067-7081,Phone
556,2-(362)925-2397,Phone
560,4-(383)272-6839,Phone
563,7-(263)287-1140,Phone
567,3-(148)156-8558,Phone
570,4-(764)713-1290,Phone
574,8-(219)370-0155,Phone
578,0-(807)194-4140,Phone
582,5-(606)104-0382,Phone
586,2-(209)927-6600,Phone
590,6-(073)168-9729,Phone
594,9-(170)612-4644,Phone
598,5-(346)209-5511,Phone
602,4-(470)324-6858,Phone
606,8-(114)151-1039,Phone
609,4-(535)289-4062,Phone
612,9-(784)116-2098,Phone
616,0-(377)507-0388,Phone
620,2-(171)507-3387,Phone
624,2-(081)835-1494,Phone
628,0-(521)287-3218,Phone
632,1-(295)989-6911,Phone
636,7-(148)945-2259,Phone
642,8-(108)735-5670,Phone
648,5-(070)932-9310,Phone
652,2-(111)124-5323,Phone
656,3-(063)820-9132,Phone
660,5-(912)070-5400,Phone
664,9-(726)948-9585,Phone
668,0-(812)878-4953,Phone
672,1-(320)476-0733,Phone
676,7-(762)914-3230,Phone
680,9-(074)489-3512,Phone
683,7-(995)917-0996,Phone
687,2-(715)319-3579,Phone
691,6-(513)403-4733,Phone
695,3-(156)853-6891,Phone
699,2-(984)189-5300,Phone
703,3-(517)762-4129,Phone
707,6-(589)777-9400,Phone
711,6-(849)547-4424,Phone
714,4-(990)503-4351,Phone
718,3-(285)553-8319,Phone
722,3-(687)257-9759,Phone
730,2-(690)527-5551,Phone
734,5-(361)823-2366,Phone
738,9-(679)069-8265,Phone
742,3-(246)177-0272,Phone
746,7-(117)727-7019,Phone
750,6-(268)270-5991,Phone
754,9-(905)546-2174,Phone
758,1-(964)553-3066,Phone
762,3-(065)802-7791,Phone
766,5-(935)580-6582,Phone
770,8-(342)965-3747,Phone
774,1-(450)380-6779,Phone
778,5-(611)968-7309,Phone
781,5-(449)787-7138,Phone
786,8-(118)659-9226,Phone
790,9-(228)769-6276,Phone
794,1-(883)950-8345,Phone
800,2-(753)732-6489,Phone
804,6-(957)226-3476,Phone
808,0-(008)297-1581,Phone
811,1-(986)948-3891,Phone
814,4-(246)799-5040,Phone
818,8-(555)485-3508,Phone
822,7-(084)502-0279,Phone
826,9-(984)524-5395,Phone
830,5-(970)906-7849,Phone
834,3-(391)773-5694,Phone
837,6-(703)886-7830,Phone
841,9-(783)908-4945,Phone
845,8-(269)196-7430,Phone
851,9-(777)035-6240,Phone
855,9-(721)729-4724,Phone
859,6-(655)850-8317,Phone
865,8-(510)694-5991,Phone
868,8-(994)862-7800,Phone
872,9-(879)321-8806,Phone
875,5-(497)911-2772,Phone
879,1-(179)787-6778,Phone
883,1-(001)537-6718,Phone
886,1-(812)616-3313,Phone
890,3-(596)340-0868,Phone
894,2-(515)298-7390,Phone
898,5-(210)690-9847,Phone
902,5-(654)407-6233,Phone
906,4-(668)205-0286,Phone
912,0-(106)592-7420,Phone
915,6-(184)813-2011,Phone
918,5-(607)134-1574,Phone
921,2-(527)185-1019,Phone
924,1-(776)710-5989,Phone
928,2-(450)142-5764,Phone
932,4-(001)885-1322,Phone
936,5-(428)460-1400,Phone
940,2-(466)849-6627,Phone
944,7-(469)440-8216,Phone
947,6-(264)711-7697,Phone
953,7-(470)793-9822,Phone
957,1-(550)773-2775,Phone
963,9-(031)684-1601,Phone
967,2-(821)181-6941,Phone
971,8-(036)047-4212,Phone
975,8-(697)626-3419,Phone
979,6-(110)433-5109,Phone
983,1-(853)159-5511,Phone
987,6-(590)488-5015,Phone
991,7-(277)735-5232,Phone
995,7-(228)614-3384,Phone
999,7-(968)459-9757,Phone
1003,5-(921)255-6437,Phone
1007,0-(107)633-7630,Phone
1011,9-(233)340-7834,Phone
1015,6-(366)621-3760,Phone
1019,6-(705)284-6857,Phone
1022,4-(537)624-8286,Phone
1025,0-(273)550-0236,Phone
1029,5-(053)588-9938,Phone
1033,1-(865)002-1592,Phone
1037,7-(677)332-8403,Phone
1041,6-(481)559-0270,Phone
1044,2-(833)945-4498,Phone
1047,8-(342)691-8174,Phone
1051,8-(412)355-2313,Phone
1059,9-(918)147-1451,Phone
1065,5-(094)022-8985,Phone
1071,2-(987)582-7888,Phone
1074,2-(580)755-7956,Phone
1078,6-(882)213-6063,Phone
1082,5-(709)582-8683,Phone
1086,9-(004)199-0442,Phone
1090,9-(494)467-2643,Phone
1094,3-(885)876-7439,Phone
1098,3-(517)562-4805,Phone
1102,0-(500)627-6561,Phone
1106,3-(259)651-7024,Phone
1109,7-(569)979-5137,Phone
1112,6-(104)351-1749,Phone
1116,8-(574)079-6700,Phone
1120,2-(980)215-3814,Phone
1124,8-(657)218-7659,Phone
1131,1-(270)056-1454,Phone
1136,6-(276)057-9909,Phone
1142,2-(532)418-1286,Phone
1146,0-(990)661-7067,Phone
1149,9-(601)270-8329,Phone
1153,9-(500)342-6094,Phone
1157,4-(423)602-5934,Phone
1160,2-(452)037-4427,Phone
1164,0-(867)193-2666,Phone
1168,1-(670)619-4390,Phone
1172,5-(583)536-4990,Phone
1176,3-(664)506-0704,Phone
1180,4-(003)479-4471,Phone
1184,8-(627)101-2802,Phone
1188,4-(393)610-3963,Phone
1192,1-(060)256-9720,Phone
1196,9-(776)276-2772,Phone
1200,4-(956)073-9796,Phone
1204,2-(163)275-9796,Phone
1208,1-(821)249-8621,Phone
1212,1-(463)289-5744,Phone
1216,0-(911)214-7407,Phone
1220,3-(418)613-8116,Phone
1224,4-(159)602-8629,Phone
1228,1-(861)900-0459,Phone
1232,3-(965)714-5374,Phone
1236,0-(404)296-6252,Phone
1240,3-(462)594-5435,Phone
1248,6-(988)613-8377,Phone
1251,3-(474)122-8472,Phone
1255,7-(258)225-1347,Phone
1259,1-(160)398-1258,Phone
1263,6-(622)025-5648,Phone
1266,3-(199)061-3470,Phone
1269,9-(421)187-9169,Phone
1273,6-(536)310-8823,Phone
1281,9-(730)063-7023,Phone
1284,0-(752)850-0116,Phone
1287,1-(111)459-3206,Phone
1291,7-(490)524-7915,Phone
1295,1-(630)113-4187,Phone
1299,3-(471)183-8563,Phone
1302,1-(085)127-5240,Phone
1306,4-(403)362-7140,Phone
1310,4-(974)681-7909,Phone
1314,4-(162)691-5406,Phone
1318,2-(395)774-4367,Phone
1321,6-(564)450-7351,Phone
